No;Comment;Class
1;Kaka tidur yaa, udah pagi, gaboleh capek2;0
2;makan nasi padang aja begini badannya;0
3;yang aku suka dari dia adalah selalu cukur jembut sebelum manggung;1
4;Hai kak Isyana aku ngefans banget sama kak Isyana.aku paling suka lagu kak Isyana itu lagu tetap didalam jiwa;0
5;Manusia apa bidadari sih herann deh cantik terus ????;0
6;"""@ayu.kinantii isyan skrg berubah ya:( baju nya nakal""";1
7;Gemesnya isyan kayak tango, berlapis lapis ciaaaa;0
8;Makin jelek aja anaknya, padahal ibu ayahnya cakep2;1
9;Kok anaknya kayak udah tua gitu ya mukanya kk tasya;1
10;Muka anak nya ko tua banget yaa.. GK ngegemesin GK ada lucu2nya;1
11;Muka nya muka kolot wkwk bukan muka bayi2 lucu gt;1
12;Udah gila sekarang ini orang wkwk, udah jomblo jadi psikolog ga laku, ya jadilah seperti itu;1
13;Lo sintingnya udah tingkat dewa;1
14;Sepertinya Lutfi setelah putus dgn salsa seperti orang stress;1
15;ANAK TOLOL INI MULAI AKTIF YA BUND;1
16;bisa mati aja ga? gedeg gua liat lu. ANJIM;1
17;Woy Lutfi asu , sok asik Lo ANJING !;1
18;Apasih kontol berantem aja lah ayo bngst @lutfiagizal;1
19;Ibu kamu pelakor plus hamil di luar nikah ya? Pantesan anaknya kyk gini modelannya;1
20;Anaknya udh pinter, maknya yang kelempengan.. berasa masih baby, tingginya azka aj melebihi mamanya..;1
21;Anak yg cerdas terbentuk dr pola asuh sekaligus pola didik ortu yg cerdas pula sih pada saranya. Sesimple itu;0
22;Setengah iri setengah jadi motivasi ini;0
23;Ancur hidup lu kalau sama dia… Sumpah..;1
24;serem banget muka lo mel kayak ayam potong merah banget;1
25;Yaudah jd pengusaha kuliner aja gausah artis, makanannya emang bikin ngiler sih wkwkw;0
26;Kamu emang cocoknya jadi pengusaha kuliner udah fixs. Semoha lancat terusssss;0
27;Tak sejelek IMAGE Owner ya..? Artis ups bukan Artis? Hallo secara tidak langsung semua orang itu tau IMAGE lu jelek gentong!;1
28;Apaan sih gak jelas hidupnya;1
29;Sebelum aku Unfoll, aku mau bilang NAJISSSS;1
30;muka lu sensual tapi norak kenapa dah;1
31;Udah gk jaman ngebully orang hey netizen mending ngaca dari kekurangan sendiri;0
32;Kalau pas penempatannya, sebenernya kamu imut banget loh mel.;0
33;Cakep kaga jelek iya HAHAH;1
34;jari jari kaki kayak jarinya tukang panggul;1
35;Kakinya kek lagi hamil tua ya bun, semacam kaki gajah @ayuugsia;1
36;Suka heran sama yg ngehina fisik,, ternyata bener ya kita semua pendosa dengan cara kita sendiri,,;0
37;Ini diedit biar langsing padahal mah klo live bomber badannya;1
38;Kakinya gedong sayyy kek kaki jantan… Upp kan dia suka berbaur ama warwerwor.. Mahluk astral.. Yg kakinya gedong;1
39;Bagusan foto pakai masker drpd gak pakai masker;0
40;"""@rosameldianti_ kakak foto sebelum ini. kenapa Memeknya Keliatan Tebal???? Memeknya kakak Lagi Bengkak yah???";1
41;Bra nya kedodoran kak make ukuran gede yaa;1
42;Nah ini cantik seneng. Usahanya membuahkan hasil. Semangat ya mel semoga menjadi pribadi yang lebih baik lagi;0
43;mba bisa gk sih, kalau gk merem melek gitu matanya kaya orang cacingan;1
44;Semoga lancar terus usahanya mel;0
45;Cantik banget kalo meldi muka natural kek gini;0
46;Lu diem aja cantik mel kalo ga banyak gaya serius;0
47;Kaku kek kanebo kering hahaha;1
48;Semakin glowing say… natural kayak gini bagus tambahin prestasi nya ya say;0
49;Meldi, emaknya buka klinik totok aura kayaknya anaknya gak pernah ditotok ya… auranya gak keliatan yg ada malah butek;1
50;Karena muka lo pasaran mel, di pasar sapi juga ada yang mirip noh;1
51;Maap kalau gua sering nyamain lu sama dugong soalnya emang mirip;1
52;Iya lo kamu mirip monyet mel;1
53;Bagusan pantat panci aing atuh anjir;1
54;Ya emang ga ada yang sama soalnya muka kamu sama dengan muka badak, muka beton, ga ada malu,,,;1
55;Kok mbak meldi sekarang tambah cantik ya rahasianya apa..;0
56;Lengannya gempal banget sih HAHA;1
57;Fix yang komen semua nyela;0
58;Udah ka gausah digubris gausah dipikirin. Bersyukur aja sama nikmat tuhan yang udah dikasih ke kaka. Gausah juga ngatain orang ka, tetep bersyukur atas nikmatnya;0
59;Jari jari nya gede gede banget, apalagi pas ngiklan makan ikan danau hambar, jarinya kayak jempol semua hawak bener;1
60;Jangan disamain muka @rosameldianti_ sama orang oi. Mintanya disamain sama babi;1
61;Ga ada yang dibawah Meldi, semuanya setara, ada kekurangan ada kelebihan;0
62;Ka mel gausah merendahkan orang lain. Bersyukur aja diatas langit juga masih ada langit lagi;0
63;Mukanya kalau gak dibantu kamera dekil dan kumel;1
64;Semua wanita cantik, jangan suka merasa lebih ah;0
65;Meldi udah dapat kontrak endorse skincare ya tapi kok mukanya tetap jelek si?;1
66;Gila Netizen pada sempurna ngehina orang terus;0
67;Semua dah pada ngembang… habis di berapa cowo meldi?... enak ya di otak atik;1
68;Karena muka kayak elo pasaran dan murah…;1
69;Muka buluk kepedean lagi.. muka udah tua;1
70;Muka lu kaya tai wkwkwk;1
71;Sakit jiwa ini upil gajah… Kasihan;1
72;Jelek macam buntut kuali hahaha;1
73;Meldi tambah kurusan sekarang ya??? Cantik walaupun tanpa make up…;0
74;Elu juga semoga semakinlebih baik dalam segala hal, terutama akhlak dan etikanya;0
75;Mbak mell sehat dan sukses ya;0
76;Aamiin. Doa baik juga untuk Meldi;0
77;Selamat tahun baru mbak, semoga jadi pribadi yang lebih baik amin;0
78;Meldi ini lama lama cantik loh tinggal dibenerin akhlak dan adabnya pasti makin sip;0
79;Pengambilan fotonya sudah bagus mantap dan keren.. tinggal pengambilan ARWAH nya aja yang belum;1
80;Nggak ada cantik-cantik nya hahaha;1
81;Kasian editornya sih ini, nanggung dosa banget kayaknya ngeditnya offside gini;1
82;Lama lama mirip dewi persik ya;0
83;pada julid padahal kan meldi gak nyusahin kalian;0
84;ini foto apa w masukin museum aja ya ga ada pantas2nya;1
85;Nggak ngumpul bareng mami isa lagi kan kamu yang paling gembrot disana;1
86;Lagu lu ga ada yang laku ya mel??;1
87;Lututnya masih hitam gosok maning biar tambah cling dan cantik;1
88;Suka heran sama warga +62 sukanya ngehujat orang mulu, dapat pahala kagak dosa mah iya;0
89;Tambah cantik aja rosa meldianti;0
90;Jadi diri sendiri, jangan jadi ular apalagi dugong;1
91;Saya kok suka ya sama mereka harmonis;0
92;Cantik banget kalau pakai baju kayak gitu;0
93;Jujur ya kamu kalo anteng ga buat masalah cantik mel;0
94;Cowoknya ga ada cakep cakepnya;1
95;Di foto tirus.. Kalo di video wariorr kok mukanya kek donat gak ada bentuknya;1
96;Dari sekian banyak foto yang diposting, ini yang paling cantik;0
97;Artis abal-abal.. Muka putih tangan hitam… ager2 ATM nya udah isi berapa sekarang;1
98;Itu muka kayak penuh tekanan banget;1
99;"""@rosameldianti_ cowokmu wajah nya culun dan cupu kayak om2""";1
100;Masyaallah cantik terlihat sopan dan anggun;0
101;Kang ojek kali belang tangannya;1
102;Seneng liat pasangan ini cewenya di hujat 1 indonesia tapi dia tetep setia nemenin;0
103;Dia memutuskan menjadi tumbal apartment;1
104;makin cantik mel, semangat dietnyaa;0
105;Itu tangan apa paha haha….;1
106;Mel disini kamu keliatan cakep;0
107;Mukanya kayak lagi ngeden pas boker;1
108;Aduuh.. terlalu halu.. hhahaha lebay editan nyaa lemak kemana lemak… hahhaaa.. mimpi ketinggian..;1
109;salfok sama kaki, tapi cantik banget asli;0
110;buset cantik diedit aja mba, coba dah aslinya dah kayak buntelan kentut…;1
111;atas bawah hitam putih, kek kopi luwak;1
112;Palsu badane diedit semua tu, aslinya dimana2 lemak;1
113;Udah dapat kontrak dari skincare ttp aja buluk mel;1
114;heran sama netizen klo gk suka jangan diliat aja;0
115;sukses selalu yah ka @rosameldianti_ semangat;0
116;Jujur aku lebih suka meldi yang sekarang daripada yang dulu suka ngehujat orang;0
117;sumpah aslinya muka lo lebar kayak baskom loh mel @rosameldianti_;1
118;Berkarya teros meldi walo ga ada yg nuntun kamu.;0
119;Astaghfirullah, seram sekali ya bun seperti ular jelmaan makhluk halus ya bun;1
120;Dan yang paling saya heran cowokpun ikut ngebully, sabar meldi.;0
121;Astaga… Ratu edit muka.. Sumpah seren kayak film setan2 gitu…..;1
122;Matanya kayak katarak anjir AHAHAH;1
123;Caption aja COPAS! Cantumin credit dong, dasar iblis;1
124;Unfoll aja daripada kalian dosa ngebully2 terus..;0
125;Meldi aku perhatikan kamu seperti orang china deh.. cantik;0
126;Editan softlensnya keluar itu mbaknya, kayak ratu titisan ular kamu wkwkwk;1
127;Kasihan ular dibawa bawa kamu gak pantas jadi ular pantasnya jadi bunglon atau buaya..;1
128;Maju trus ya sayang.. abaikan orang2 yg comment menyakitkan;0
129;Kasihan ya kamu @rosameldianti_ Hidup sekali cuman buat bahan hujatan masyarakat… Mubadzir banget deh hidup lo… Napa gak bunuh diri aja?;1
130;Semangat mel, bahasa asing mah yang penting kita berani pasti entarnya bisa;0
131;Beda sama d foto yaa.. Disini lebar banget mukanya maaf itu kalau foto editan ya;1
132;Meldi meskipun kadang mulut ku tak bisa di rem karena kehaluanmu, tapi aku bangga akan berusaha mu, yuhuuu;0
133;Lupa di edit ya tu muka melar;1
134;Semangatt, kesalahan dalam belajar bahasa asing itu penting. Karena itu pembelajaran utamanya, supaya kesalahannya ga terulang;0
135;Kereennnn.. dari bully.an netizen menjadikanmu mau belajar;0
136;Hiiihhh jiik lihat nih orang… auranya buruk bgt gak ada manis manisnya;1
137;Semangat untuk belajar ya… saya uga gak bisa bahasa inggris;0
138;Yang penting ada niat.. dan keberanian;0
139;Salut Mel.. semangat belajar, yg ngetawain juga belum tentu bisa Dan berani..;0
140;Gpp Mel semangat buat belajar trusssss jangan gampang nyerah pokoknya @rosameldianti_;0
141;Setidaknya dia ngaku. bukan belagak pintar;0
142;Masih jauh kalo ngarep bisa ikutan kontes miss earth , makanya dari kecil les inggris biar lidahnya gak keseleo;1
143;Cuma di postingan ini ya bund netizen sedikit yang menghujat;0
144;Happy birthday Mel sehat dan Sukses yah, Aamiin;0
145;Happy Birthday kak Meldi yang imut n ngegemesin. Tambah sukses selalu;0
146;Ya ampun ketiak dan lemaknya editan parah wkwk;1
147;Ketiaknya habis di amplas mel, alus banget;1
148;Udah diedit gitu, ketiak lu tetap hitam;1
149;Selamat ulang tahun mel, udah yah jangan banyak tingkah;0
150;Mukanya kuning banget kaya kunyit;1
151;Selamat ulang tahun meldi sukses dan sehat terus ya….;0
152;Fotonya lainnya jangan yang ini, kan masih banyak yang lebih cantik ihhh biar gak kena hujat kamu ihh, aku mah kasihan;0
153;HBD meldi… Semoga sukses selalu dan panjang umur dan rejekinya di lancarkan.. Amin;0
154;Perasaan kemarin lengannya kekar banget kek petinju, udah gitu ketiaknya juga hitam. Kok difoto ini lengannya jadi kecil, ketiaknya putih kek dibedakin;1
155;Selamat Ulang Tahun kak @rosameldianti_, banyaknya sadar dan jangan pansos lagi yah. Amin;0
156;Hbd cantik semoga kedepannya tambah sukses;0
157;Hbd mbak mel tambah cantik di panjangkan umurnya dan sehat selalu;0
158;berdiri di kaki sendiri lebih baik;0
159;Biar di edit2 kaya apa juga tetap aja ketiak hitam nya ga bisa di bohongin;1
160;Sumpah demi apapun.. Lengan nya gede banget;1
161;Selamat ulang tahun panjang umur sampai ketemu dajjal;1
162;Ketiak hitam buluk mau lu edit nutupin daki diketek lu tetap aka hitam ketiak lu, dasar Dugong @rosameldianti_;1
163;Di atm tinggal 150 ribu aja banyak gaya lu dugong;1
164;Gak ada bagus2nya suara dan polanya….;1
165;Si Meldi jelek aja banyak gaya. Beda banget sm tante n sepupunya yang udah jelas2 cantik;1
166;Tapi dia sekarang dah berubah gak kayak dulu kalau yang gue lihat;0
167;Ngedit ketiaknya berapa lah dah itu ya ampe ngeblur pisan.. Putihnya kek cat tembok;1
168;Aduh dugong masih aja gila filter….;1
169;Sekarang bukan muka aja yang didempul, tapi ketiak juga;1
170;Kasian kebelet artis tapi gak punya bakat;1
171;Yang merasa peliharaannya lepas, tolong diangkut;1
172;Miris banget… ultah bukan didoain yang baik2 tapi tetap di bully kasian !! God bless u mel;0
173;Mudah mudahan lu jadi gembel. Amin ya Allah;1
174;Ketiaknya hitam dikasih bedak jadi nya abu monyet;1
175;Heran gua mah kalau gasuka gausah di follow dah tau ni akun private kalo lu tetap follow dan ngebuli tanda nya lu sirik. Gasuka ya gausah diliat, kaya dirinya sempurna aja;0
176;Gua berharap lu aja si yg sakit bukan laura lol;1
177;Harusnya lo aja yang menderitaaa bukan lora anj!!!!!!!!!;1
178;GAGA SEMPET BENERAN LORA LO TINGGALIN, LO ORANG PALING JAHAT GA!!!! LO GAK BAKAL BAHAGIA GA;1
179;Lu bener' ga.kalo sempet nyakitin lora gue santet!!!!!;1
180;Si gaga kok kek anjing;1
181;Semangat gaga, jangan liat kebelakang fokus aja kedepan, masih muda masih banyak yg lebih baik juga.;0
182;Gak ada cantiknya. Gila yang ada;1
183;meldi makin bersinar yaaa, pertahanin karir jgn di sia siain;0
184;Tetap semangat…. sebaik apapun kamu akan dalah Dimata pembenci…..;0
185;Asli gak ada bebet bobo ni anak. kasihan sekali.;1
186;kumat… lama semedinya segini keluarnya;1
187;Tangannya hitam… beda ama muka;1
188;Kok meldi di foto aku gendut beda;1
189;Gatau sih, cantik tapi gak ada aura nya sama sekali . Cantik tapi idih gitu lihatnya , kenapa yaa ??;1
190;Baik buruk nya kamu akan tetap terlihat buruk di mata mereka yang ga menyukai mu..;0
191;Gila ni siluman,, di story orang lain keliatan banget tumpukan2 lemaknya, buriknya apalagi;1
192;Dasar Bego lu.. gua jijik sama lu bro kayak gak punya otak banget;1
193;Lo kira lo bagus tuh begitu anjing wkwkw;1
194;Di maafin aaa… semoga dia jera untuk kedepannya…;0
195;Eh bocah mending Lo mati aja GAK guna juga ada orang kayak lo hahahahaha;1
196;Btw yang video tapi boong itu dia buat nya tahun lalu bukan pas masalah yang sekarang kalau gak percaya lihat tribun news jadi jangan hujat dia lagi ya;0
197;Okay bro kalem aja, tetap semangat dan jangan putus asa;0
198;Lu Mati ajalah . Udah biar gak bikin ribet;1
199;SAMPAH MASYARAKAT HARUS DI MUSNAHKAN SEGERA;1
200;MATI KAU NAJIS KONTOL BANGSAT MATI KAU;1
201;youtuber toxic, tutup akunmu sekalian tutup usia;1
202;Pada ribet kayak udah pada benar aja lu semua;0
203;Jangan ada hitam diatas putih. Langsung proses;0
204;Kalau sayang sama anaknya ya di serahkan aja ke polisi biar di didik sekalian;0
205;Manusia apa hewan sih kok gak punya hati banget;1
206;Manusia anjing. Nyari uang gitu amat. Lo kerja aja sama gue nyebokin gue ntar gue gaji lo.;1
207;maklum anak kurang pendidikan kayak gitu gak punya akhlak;1
208;Anjing memang anak gak tau diri. ibunya sampai nangis2;1
209;oi babi gue bunuh lu kalau sampai kelihatan sumpah;1
210;Heee sampah lu udah gua maafin TAPI BOONG GOBLOK;1
211;ANJING SINI LO BAKU HANTAM AYO;1
212;Bangkit ya bang jangan lemah buat pelajaran dan ujian buat lu jadi yang lebih baik lagi bang;0
213;Jangan patah semngat kak sukses terus;0
214;Semangat Ferdian gausah dengerin orang yang hujat kamu, karena semua manusia tidak luput dari kesalahan;0
215;Sumpah sekarang aku respect banget sama kamu;0
216;Menurutku pribadi, dia tulus minta maafnya….;0
217;DIKASIH BIDADARI MAUNYA BONEKA SANTET;1
218;Ilang respect gue.. padahal jane udh setia bgt sama lu, tapi lu nya main cewe pas udh keluar dri penjara.. lol;0
219;Hapus ajh ni poto ngk tau malu bgt lu bang;0
220;Intinya gasuka ajg selama ada listy . Ngrusak suasana;1
221;Di foto ini ada 2 anjing dan 1 kontol;1
222;kasian banget Jane udah nunggu keluar penjara eh taunya :), waw sakit siih;0
223;Puny cewk baik di selingkuhin g ngotak;1
224;Inget yg di potong itu masalah nya bukan hubungan nya, tapi kalo udah gini sembeleh aja orang nya :) udah terlanjur kecewa;1
225;Ini buat konten.. masa putus foto tabi sama jessica engga dihapus ?;0
226;Tiap mau makan dibikin ama jess tpi malah ngehianatin gila sih;0
227;Parah lu bang nama lu udh rusak karna narkoba malah nambah masalah ajh truss;0
228;Ini anjing Kok mirip ya sama Erick;1
229;Muka Pasan sok sok an mau sm lonte lo anjing;1
230;Lu sama anjingnya, lebih baik anjingnya;1
231;IH ADA BABI JGN MEGANG TUH ANJING HARGA DIRINYA LEBIH TINGGI DRIPADA LO;1
232;Santuy aja bang ga usah di tanggepin,btw gw suka gaya lo;0
233;Narkoboy kontol, Cuma bisa maen cewe sama nyakitin doang lu anjing, mati aja lu bego;1
234;TETEP PENJARA AJA AJG NYUSAHIN LO KELUAR;1
235;cewe cakep, setia kok disia sia in sahabat;0
236;loh kok ak liatnya anjing semua yaa;1
237;Anjingnya ada dua kok guys, tapi kok lagi satu gue liat ada babi item;1
238;Mantan Anjing, eh kebalik anjing mantan;1
239;Bikin skandal karena kepengen tenar?;0
240;Wiii anjay kapan lagi liat babi megang 2 anjing;1
241;Ini adalah foto babi sedang memeluk anjing yg pemilik nya adalah bidadari;1
242;Babi g pantes nyentuh anjingnya bidadari, nanti kotor.;1
243;SESAMA ANJING FOTO DULU YA KAN;1
244;potret seorjing memegang anjing kwkw;1
245;HEH UDH NAPA HATE NYA CAPE GW BACA NYA;0
246;WADUH MALAH LEBIH GANTENG ANJINGNYA. EH EH BAHKAN LU GA PANTES DISEBUT ANJING. ANJING KAN SETIA PANTESNYA SIH BABI HAHAHAHA;1
247;kalo lomba samaan sm babi, babi nya nmr 2;1
248;Si anjing ketika berfoto dengan si anjing;1
249;Kak jessica yg nungguin+setia sm kk loh pas ad masalah kmrn. Tapi kk ga ngehargain malah lbh milih yg d sono;0
250;erikontolim manusia babi anak lonte;1
251;HARGAILAH HATI WANITA YANG UDH TULUS NEMENIN LO DARI 0!!!;0
252;Tapi bagus sih erick mutusin Jessica ya karna Erick kelakuan ny begituu coba liat Jessica;0
253;Anjing sekarang hebat ya, bisa pake kacamata;1
254;Sdh lh nasi udah jdi bubur ga bisa lagi dibentuk kek semulaaa;0
255;Kukira kehadiranmu akan menjadi sesuatu kebanggaan, ternyata tidak;0
256;Ada 3 Ajg Dan Yg Punya Tato Bener2 Ajg;1
257;dasar orang tua gada akhlak,ngajarin anaknya yang ga bener;1
258;Erik kenapa sih? Ada yang bisa jelasin gw ga update soalnya.. maap2;0
259;Eh jangan dekat dekat sama anjingnya ci Jessica gua lempar lu;1
260;guys dr pd comment2 mending unfoll sm unsubscribe aja yaa;0
261;Babi lagi main ma anjing :);1
262;Dikasi BIDADARI MALAH PILIH BABI;1
263;Postingan pertama jg dihujat dong gila netijen;0
264;BARU KALI INI LIHAT ANJING SAMA BABI BAIKAN…;1
265;Dikasih bidadari malah milih setan;1
266;Padahal gw g mau benci ama lu bro, tpi ada aja tingkah lu yang melenceng:(;0
267;SIKAP MU LEBIH NAJIS DARIPADA LUDAH ANJING!;1
268;Njir meskipun udh lama nih poto di post tapi masih banyak yg komen baru2;0
269;kesini cmn mo liat komen aja;0
270;Buset hate comment ampe postingan paling bawah;0
271;Foto di upload nya 20 maret yang comment 1 jam 2 jam 3 jam yg lalu;0
272;Pantes banyak utang buat bayar lonte;1
273;2 3 tutup botol muka lu kek kontol wkwk;1
274;astaga masih pagi dibikin ngakak ama komenan netijen yg ngmng suka bener;0
275;Dah lah. Gw capek baca komen kalian;0
276;Keliatan bgt anjingnya ketakutan foto sama dakjal;1
277;Astaga ngehujat sampe postingan paling bawah;0
278;Lebih najis elu daripada anjing!;1
279;2 ekor anjing dan satu buaya makan jambut;1
280;Kalo disuruh melihara anjing/eric gw pilih anjing aja meski Najis tapi lebih najisan erick kontol;1
281;Ngapain si pada ngejudge? Mikir dulu lah dia putus juga sebelum kejadian itu tolol;0
282;Hargai wanitamu dia didekati banyak pria tetapi tetap memilihmu;0
283;Ternyata sipat anjing bukan hanya ada di anjing doang ya,di manusia sipat anjing juga ternyata ada;1
284;Potret ketika anjing poto dengan setan;1
285;BANTU BEDAINN WOYY MANA ANJING MANA BABI;1
286;Udaah woii udahh lu gak kasihan apa…. Aku capek ngelike komenan kalian;0
287;3 anjing 1 anjing berwujud manusia, 2 anjing asli tak ada perwujudan aowkwkw;1
288;Kasian gue sama anjingnya dipegang dajjal;1
289;Kasian anjing nya di pegang babi;1
290;Lo itu kontol gak guna ajg anak dakjal;1
291;mukak lu lebih buruk daripada anjing lu;1
292;dikasi yang bening malah milih yang dakian;1
293;Mending masuk penjara lagi aja dah seumur hidup;1
294;Kok lbih lucu anjingnya ya ktimbang orangnya;1
295;Akhirnya jesica bisa lepas dari kambing hitam ini;1
296;Maafin Aja Bro Semua Orang Pasti Ada Kesalahan Dia Juga Pasti Ada Kesalahan Nasehatin Aja Siapa Tau Dia Berubah;0
297;Kasian anjingnya dipeluk sma sampahh;1
298;Gua kira keluar dari PENJARA bisa berubah;0
299;Cintamu hanya sebatas kertas wkwkw enteng bang;0
300;Padahal sejak dia sama Jane aku lebih respect :( skrg bener2 udah hilang respect :(;0
301;udah nemenin dari masa tersulit lo pas udah keluar malah selingkuh, ga nyangka idola gua sesampah itu.;1
302;Dihujat habisan semua postingan lama ada komen baru wkwk;0
303;Gua gabisa bedain mana anjing mana manusia, keliatannya sama;1
304;Lu mirip anaknya kick andy yg namanya marlo bang;0
305;Kenapa ada orang baik ? Karna ada orang jahat;0
306;Ngga ada niatan ngadain pengajian gitu bang?;0
307;Suka banget sama rambutnyaa tambah ganteng;0
308;"""@abatartila Ada ada aja kaya gini di bilang king, king muke nya udh kaya tai musang""";1
309;Ninggalin berlian demi tai babi dih;1
310;ganteng kaga lu begitu malah keliatan kaya daki kontol;1
311;Mukak lo kayak tapir kuda asu sok ganteng banget lo;1
312;Banyak yg kecewa karena lu begini rik!!!!;0
313;Maap ye…muke lu udh jelek kaga usah sok selingkuh,cakepan anjing gua noh;1
314;Apa si hebatnya banci yg badannya penuh koreng kaya lo;1
315;Gini dong bersihan kaga kek tahun tahun sebelumnya dekil;1
316;Muka lu keriput kek aki aki;1
317;Foto jelek dihujat, foto ganteng dibilang sok ganteng;0
318;kebanyakan nyabu jadi kurus lu;1
319;NARKOBOYY NGELUARIN LIDAHH, AJG MAU APA, MAU TES URIN;1
320;Fotolu pede anjrit muka lu tu anjrit;1
321;Hidup itu jngn keterlaluan boss playboy amat ajg luu;1
322;Mukalu kek aktor bokep bgst mending ngobat aja luu;1
323;dah jelek semangattt pulak WKWK;1
324;Muka nya kok gitu, seren bikin mual liatnya;1
325;Sana anjing ngewe ama lonte bangsat;1
326;Muka kek kontol mending di penjara;1
327;muka kek banci dih najis;1
328;Ntar Mati dalam keadaan konyol;1
329;mau bilang jelek nya ga enak hehe …;1
330;Idihhhhh pantesan aja foto nya keluarin lidah kyk gtu. Trnyata tukang jilat…;1
331;NIH ORANG KALO LOMBA MIRIP BABI,BABINYA JUARA 2;1
332;Titisan dakjal emg lo nyet;1
333;Et muka lu aje gitu dih hahaha. Biarin aja sampah ketemu sampah biar busuk bersama;1
334;Jijik astagah sok bat cakep njs;1
335;Bully an di ig lebih ngeri daripada di fb ajg gua jadi ngerii! Ajgg;0
336;udah buriq brengsek pula pantes aja dapet lonte;1
337;MUKA KAMPUNG GAYA SOK SOAN KOTA NYET;1
338;Ngapa lidah Lo stroke amin deh kalau gtu;1
339;Ciah dihujat 1 Indonesia jangan sampe bunuh diri ya komtoll kami blom puas nguat kauuu;1
340;Org kampung otak dusun gaya sosoan hype. Ttep aja gabisa nutupin muka babu lu.;1
341;Cowo foto liatin lidah nya jam ah jijik gue. Apa lagi minus akhlak kek gini;1
342;ANJING gue jg ogah liat muke lu;1
343;G bole melet dosaa rik;0
344;paan melet melet mau jilat tai tabi?;1
345;Setan emg melet2 teross jijik asuuu;1
346;ni anak lahir krna kondom bocor.. ga ada rasa syukur muka kyk selangkangan gorilla dpt cewe cntik kyk jessica setia dll malah di sia2in bgsad;1
347;Apaan si melet2 sok ganteng;1
348;Muka kek slangkangan biawak aje bnyk blagu lu;1
349;Sumpah sih jahat banget. Bener2 kasian sama kak jessica;0
350;Anjing gk pantes sama bidadari.;1
351;MELET MULU SETAN KAYA ULAR;1
352;Njr melet melet gw kirain hewan;1
353;Gtu aj dh kek anjg lo kang;1
354;Gw kesini pengen liat babang ini.. Sumpah feeling gw bener.. Mirip banget ama Reynhard Sinaga;0
355;Ih ko melet2 si kaya hewan aja wkwkwkwk;1
356;Iuu milih iblis drpd bidadarii kwkwkw jyjyq;1
357;MELET2 UDAH KAYA ANJING, EH KAN EMAH ANJING;1
358;ga nyadar aja nih sampah HAHA;1
359;Lidah banyak kuman and virus nih;1
360;Awalnya ngira baju endorse dari KFC, mirip '-';0
361;GUA MAU LO TERUS BERKARYA , PERBAIKI, TINGGALKAN YG NEGATIF , TIDAK ADA KATA TERLAMBAT , TTP JADI ORANG YG HEBAT DAN SELALU BAHAGIA @xrickolim;0
362;Cita cita ingin jadi pakboi , eh tapi malah jadi narkoboy nasib-nasib;1
363;Napa lu balik dari penjara sih?;1
364;Mending lu pada tobat dah;0
365;selama dipenjara apalo sikat gigi? KOK BAU YA, BAUBAU AROMA BANGSATTTT;1
366;Gigi lo ada apanya? Jigong? Atau kondom nya nyangkut?;1
367;ih mukanya kek anjing rumah gwa;1
368;woi anak anjing ngapain lu hidup bgst;1
369;Udah jelek gak usah d jelek2 in lagi bro;1
370;Ganteng kagak berbakat juga kagak kelebihannya dimana cobak?;1
371;Benci aja Ama orang jelek pake selingkuh segala;1
372;Udah tutup mulut nya bau kambing;1
373;Jualan jualan knp ngga jadi yutuber lagi bro takut ngga ada yg nntn yah;1
374;Kayak Randy Pangalila klo gk pake kacamata;0
375;Entah knp liat muka BG Eric sekarang kaya enak gitu .. dari pada yg dulu;0
376;Apa ganteng nyasih anjing.. Kucel gini jadiin model;1
377;keknya dia ngeliat masa depan yang hancur deh;1
378;INGETT HIDUP LO DULU GA SEENAK INI RIKKK. HIDUP LO SUSAH!!!! SALAM TEMEN SMP PAS LO BURIKKK. EH SKRG SAMA AJA;1
379;Yaaaa yaaa kalo liat muka nya sumpah ngeselin banget dah….oprasi dulu sono..biar gantengan dikit.. Dan kalo jln ke mall gk di kenal orng.;1
380;dia ini siapa sih??? Artis bukan, jelek mah iya mukanya iyuhhh;1
381;Ini bukan era lo lagi, mending lo mati aja babi. Kalo baca bales nyet;1
382;Saya segenap hati minta maap;0
383;Dulu Bahagia Sekarang Banyak Utang;1
384;Harus lebih maju berkelas rik!! Ga jamannya lg toxic dan ga beraturan.. build sistem!! You will be BIG;0
385;editan sama konsepnya nice banget lahhh;0
386;iri kok sama babi hahah najis;1
387;LO YANG DULU BUKANLAH YANG SEKARANG DULU KAYA ANJING SEKARANG KAYA BABI;1
388;Jelek aja tukang selingkuh lo buriq !;1
389;kok kalian komennya pada kek gini ya;0
390;Rick lu tuh jadi manusia kek gk ada gunanya lu dilahirin kedunia untuk berbuat baik, sayang nya lu ngecewain org lain gimana mo masuk surga;1
391;Kalian kaloga cocok mau di paksain?;0
392;ya biarin @xrickolim kita gatau gimana aslinya masa kalian semua ambil keputusan sepihak?kalo udah takdir gaada yang bisa nentang njir;0
393;Cocok kok, emang orang baik mah buat org baik, kalo yg bejat mah emang cocok buat yang bejat juga ehehe;1
394;ERICK GOBLOK,MALAH PACARAN AMA LONTE ANJ,SO BAT;1
395;Cocok banget sama2 orang gak bener biar lah dia hancur bersama;1
396;EH KEK ADA PENAMPAKAN LONTE;1
397;Meninggalkan berlian demi Tai Sapi;1
398;Ini bukan era lo lgi, wkwkw skrng lo penuh dengan cacimaki, telen ludah sendiri;1
399;Pantes disini mulainya si ajg berulah;1
400;Open BO ga bang si listy? Kebetulan ada om-om yg nyari cwe yg udah pengalaman!!!!;1
401;Buah nangka buah kemanggi gak ada akhlak lu babi;1
402;Perlahan karirmu ancur bro dan lu akan kembali kebawan;1
403;Biarkan @sk69official bangkrut aja. CEO nya gatau trimakasih haha;1
404;ngapain juga nginap di rumah cowo, gaada keluarga lg lo?;1
405;Eh ada pelakor, pas banget frame ke tiga, orang ke 3;1
406;Anak gblk dikasi berlian malah milih kerikil;1
407;Dikasih bidadari malah milih dajjal awokawok:v;1
408;Jangan cuman bisa ngehina Dong Sadar Kalian Itu Ga sempurna sama kaya kami;0
409;Kesihan gue sama org otak dangkal kek gini;1
410;Murahh banget lo jijik gue …. Dikick EVOS mlah open BO;1
411;senengnya sekali nyesel nya seumur hidup, miris banget hidup lu tolol meninggalkan berlian yang indah dipandang dan di sayang demi segumpal tai kucing;1
412;Indahnya pemandangan banyak LonT lonT mau di jual;1
413;bidadari sudah ditunjukan , bahwa mmg g pantes sma dajjal g tau diri;1
414;siapapun tolong kasih tau aku ini masalah nya apaa gais;0
415;dikasih hati yg malaikat milih yg berhati iblis greget:(;1
416;Di kasih bidadari malah pilih kotoran;1
417;Dikasih bidadari malah minta lonte;1
418;Gajadi beli Model murahan barang pasti murahan;1
419;Modelny aja murahan apalagi barangnya;1
420;muka macem pengamen gegayaan selingkuh, untung udh ga sm jane lg, kebanting sm jane muke lu;1
421;Males beli gua,gara gara ada lonte;1
422;Padahal bulug gini ya mukanya.. ehh,, maaf..;1
423;Padahal cantikan jessica kemana mana;0
424;Dikasih bidadari malah milih sampah;1
425;yaelah muka pasan aja bangga lu njing;1
426;Wah ibarat lebih milih iblis daripada bidadari haha;1
427;"""@rangga_kanahaya knp gk truck sampah, kek mukanya sampah""";1
428;Gajadi beli, takut ketularan lonte nya;1
429;hanya bisa melihat hujatan klean kasian si listy kontrak nya d copot , di hujat memang dunia sgt kejam;0
430;Jangan beli baju lonte entar kena sial;1
431;Dasar cewe lo itu LONTE tau kau!;1
432;Disini pada kenapa dah? Aku gapaham tolong;0
433;Itu ditengah manusia apa monyet kok kulitnya bercorak batik;1
434;Muka lu sama anjing gwe..lebih ganteng anjing gwe rik;1
435;Buat kalian para pens lonte jgn tkut listi Miskin krna dipecat, krna dia bsa kaya lgi, dgn cara ya nglonte;1
436;Etdah ninggalin yang baik demi lonte, situ waras mas wkwk;1
437;Gw melihat cewek murahan di postingan ini;1
438;yang kedua dari sebelah kanan itu batik apa orang dah? kok warna nya kek taek babi si?;1
439;Ih ko muka jelek banget siii serem kek setan;1
440;Itu yang foto ketiga jablay murahan bukan?;1
441;Jelek aja tukang selingkuh lo buriq !!!!;1
442;Emang kalian se suci apa sampai nghina dia segitu nya;0
443;Mending yang follow pada unfollow Udeh gausah ribet;0
444;Dekil tatoan, mampus karir Lo hancurr pantek;1
445;Udah ada berlian malah milih batu nisan;1
446;Alasan setan ama setan, KARNA KALO SETAN SAMA BIDADARI, SAYAPNYA RONTOK, DICEKER, DIGIGIT, DIJAMBAK2;1
447;Lagian juga Erick gak ada akhlak jelek lagi Listy juga jelek;1
448;Setan ma setan mahh emg cocokk udee;1
449;Lonte kurus pucet kek mayat hidup;1
450;Itu muka apa tutup panci wkwkekek jelek nya ampe ke ubun ubun;1
451;"""@xrickolim smngat trus bro tiada manusia yg sempurna kmu pasti bisa bangkit n jadi lebih baik GBU keepstrong""";0
452;bego anak orang udah ga perawan noh gara lu wkwkw;1
453;Frustasi..Sudah habis uangnya..Kasihannn;1
454;Bro buat lu pada yg ngehujat erick tpi masih punya masala sendiri jangan sok keras;0
455;Semangat Rick untuk usaha barunya;0
456;Hadehh muka kaya tong sampah .;1
457;banyak banget omongan kasar disini, tobat lah kawan kawan.. cukup comment kasar nya;0
458;Ni org jelek ga ada obat.kok jj mau liat apa ya..;1
459;Semangat bang, walaupun banyak orang yang ngejudge lu. Jangan peduliin mereka;0
460;Tuhan yesus baik semangat rick;0
461;Jangan di bales komen hate bang bikin sakit jempol, mending lanjut berkarya:);0
462;Eh lo nyadar ga ? Udah dekil terus tatoan, jadi nya kaya daki haha;1
463;jelek dapet selingkuhan jelek juga keren yaa imbang wkkw;1
464;Wah ngehina fisik ni orang,ga bener ya wkwkwkwk;0
465;BUNUH DIRI LAH SONO GOBLOX;1
466;Sabar semua komentar ini ujian;0
467;Santai rick yg ngehujat lo belom tau perjalanan hidup lo aja! Mereka hanya sok suci!;0
468;Yang sabar yah,tetep semangat ngejar karirnya jangan dengerin kata orang mereka Cuma bisa ngebacot di komen doank;0
469;Erick masuk neraka jalur selingkuh bos;1
470;Trs berkarya walaupun brd di titik sprti ini;0
471;Stop lah ngatain orang lain lu pada itu yg ngatain orang lain ngaca dlu sebelum ngatain kayak suci aja hidup lu pada;0
472;Yang ngatain keknya idupnya gapernag bikin kesalahan;0
473;Jadi gila kau rupanya karna gak laku lagi di YouTube;1
474;Kasian yah sdh stress banyak masalah;1
475;Kok jatohnya malah kek ajg sih rikkk;1
476;Karir turun jadi autis kasian hahah;1
477;erick yang kek gini yang gua kangenin, keep it up bruuh;0
478;Udah mau autis iya bg awokawkk;1
479;Kasian masih muda udah stresss;1
480;Banyak komen yg support malah ketutup yg hate bgst emang IG;0
481;Maudy cantik na natural bnr2 cantik bgt, cantik luar dlm;0
482;Bikin konten YouTube Student life at standford @maudyayunda seperti waktu S1 at Oxford. Fansmu pada nungguin nih.;0
483;Aura org pinter emg shining ya bun @hy_dindut;0
484;Paket lengkap deh.. udh cantik pintar lagi;0
485;Sukaa bnget sm artis ini… nggak neko2.. dan natural bngett;0
486;Cantik, pintar bertalenta, ortu mana yg gak kepengen punya anak kyk mba maudy;0
487;Idih mak lampir, dibanding uya ma lu, lu bagaikan butiran debu,, lu dikenal karena bacot… rajin2 ngaca deh;1
488;Anjirlah muka lo kek kuntilanak malah sok cantik;1
489;Mbak cadel yg bangga dengan cadelnya,, Harusnya sih kasihan karna cadel tapi lama jadi jijik kenapa gak sekalian bisu aja;1
490;Uda pinter, cantik gak kebanyakan tingkah. Perfect;0
491;Hati-hati mody jangan keluar sendirian jaga-jaga serangan brutal rasisme, wajahmu sekilas mirip onnie2 korea. Tetap waspada;0
492;Bikin konten Youtube daily activity di Stanford dong kak @maudyayunda;0
493;Motivasi ku ka Maudy cantipp bngt;0
494;Semoga kecerdasan Mbak Maudy bermanfaat bagi agama, nusa, dan bangsa.. Aamiin;0
495;Damage nya cewek pinter gada lawann;0
496;cantikan waktu berisi dulu… sekarang kurus bgt, kurus begini auranya kurang;1
497;cantik sih, tapi sayang kurus ya. padahl udh nikah lo, kurang bahagia sama pernikahannya?;1
498;masih good vibes walaupun sedang lapar;0
499;kakak cantik bgt bismillah cerdasnya nular;0
500;Bego lu. Alam semesta dan seisinya pun serentak murka mendengarkan lagumu;1
501;Dua2 nya cantik banget masya Allah;0
502;ka nisa mirip ariana grande masa;0
503;Adiknya Kak Maudy, cantik, pinter, aura positifnya keluar, ramah, lemah lembut, rajin, sholeha;0
504;Sekilas yg abu mirip ariana grande haha;0
505;Yang satu nya mirip Ariana grande;0
506;Kakak sama adek sama sama cantik ya aku suka sama dua duanya;0
507;Rambutnya kak modd bagussss… Item berkilauu;0
508;Cantik semua congrats kak msuk nominsi tc candler;0
509;Maudy enak bet dah cantik iya pinter iya;0
510;kukira dedeknya berdiri itu mau mukul bang jer pake ukulele… ternyata aku salah salah :;0
511;Bang jerome KLO nyanyiny kek gini bagus suaranya ganyangkaaa;0
512;Sutan kamu sangat lucu dan menggemaskan;0
513;Bang sering-sering dong buat vidio bareng sutan dia kayanya juga seneng ama bang jerom;0
514;Klu @jeromepoline buat video tapi berdua aja seharian sama anak kecil, hahah lucu juga gimana riwehnya;0
515;Muka lu kok cabul banget sih bg hahah;1
516;Dari raut mukanya aja udh terlihat seperti org kalah judi dan tidak pernah makan enak;1
517;Kak jerome kayak boneka tau hahah;0
518;Mukbang makanan sehat dong kak. Salad jepang gituuu.;0
519;Yakinin dulu niatnya bg… Semoga sukses;0
520;Bang, aku nonton kamu setelah aku kerja di Jepang. Bermanfaat bgt kontennya jd gampang kalo mau nyari apa apa di Jepang;0
521;Cuman rumus diet ini yg ga bisa dipecahka ya bang?;0
522;Perut makin maju tpi semangat jangan tak maju;0
523;Pantesan kak Jessica bilang bang jerom beruang wkwkwk;0
524;Aduhh susah klo urusan sma Jerome rumus matematika terus bahasannya… Apakah daya diriku yg lebih suka bhs Inggris drpd matematika;0
525;Kaya tulus ya mukanya klo diliat2;0
526;Kak Jerome, bagi trik biar bisa paham dan ingat cepat rumus matematika, dung:);0
527;Baru x ini baca caption harus mikir dan pakai kalkulator cuyyy hahaha;0
528;Sumpah si kak, kemeja jeans bikin keliatan seger bgt mantap mantap;0
529;Mirip ama aktor korea yg main di film reply 1988 yg jadi kaka nya jung hwan wkwk;0
530;iya bang jer terlihat berbeda klo pake style kayak gini lebih terlihat fresh anak gaul;0
531;Klo style ke gini pas gitu bang sma umur lu yg msh muda keliatan lbh fresh aja sesuai sma umur;0
532;Kok makin dewasa makin imutt aih cipaaaaaa;0
533;maniss bangettt pengen dah punya senyuman manis kayak ka syifaaa;0
534;Nih orang manis bnget sihh ga ngerti lagi;0
535;Kakak pinter nyanyi ya @syifahadjureal, suaranya bagus kak;0
536;Gk salah kalo kak syifa cantik mamahnya aja cantik bgtt!! Jujurr;0
537;Lelaki yg mendapatkan km. Adalah lelaki yg beruntung.;0
538;Kamu mirip bgt ayahmu kalo adikmu mirip bgt mamamu;0
539;Kakak udah cantik sii, tapi cantikan lagi kalo pake hijab;0
540;Gemeshh rasanya kaya aku pengen cubit;0
541;"""@angelkmgi ini paling cute sih, ganteng parah msh kecil jg""";0
542;Pengen gw pacul mulut lo!! woii anjeng busuk;1
543;Sering blg ke org2 artis cewek yg menurutku paling cantik syifa sama ziu;0
544;Ka cipa tu uda cantik, baik, manis bgt pula, manisnya tu nglebihin gula;0
545;Dilihat sekilas pun tampak jelas kalau cantikkan syifa;0
546;Setuju g sih? Si dia tetep cntik bgt meski g pke make up… lah aku g pke make up pucet bgt kyk g makan setahunn;0
547;dahlahh emang cantik luar dalam kmu ini cippp;0
548;Muka cantik tanpa make up hini, bahagia bgt kali ya yg jadi suaminya, bisa liat bidadari setiap harinya.;0
549;Suka bgtt sm kak cipaa.. orangnya humble sm semua orang dan banyak temannya juga;0
550;Artis remaja di Indonesia yg manis bgt kalo senyum Cuma dia deh perasaan yg nempel di hati;0
551;Aku doakan perempuan baik yg bernama Nagita selalu sehat, bahagia lahir batin, dan banyak yang sayang sm dia..;0
552;Rafathar nya mantull ni, pulang nggk jd nginep karna nggk ada temen mamany d rmh papany belum pulangg.. jd jagain dan temenin mama dulu  ya aa;0
553;kultur kerja kaya gini menurut gw bagus si ga kapitalis banget, petingginya juga ikut kerja misal ngevlog atau endors, semoga gaji juga ga senjang si haha;0
554;Pantas pada senang kerja di Rans.. mbak gigi nggak ngebossy..;0
555;Seneng yaa lihat orang sukses meeting. Ya Allah pengen sukses kayak gitu biar ada status di instastory;0
556;smga semua kelg dan crew sehat semua.. dan rejeki trs lancar ya kak gigi..;0
557;Fokus ke nagita pas mau minum masih sempet baca doa. keren bgt hasil dari didikan orang tua nya;0
558;Kasihan ya , Nagita punya suami kerjaannya berzinah terus;1
559;Koreaable banget face rafathar cakep ganteng manis banget;0
560;MasyaAllah Rafathar tambah besar makin tambah ganteng bgt gk kuat ngeliat alisny…;0
561;Kok mirip siwon ya lama2, apa perasaan gw aja.;0
562;Lucunya berasa kayak kaka dan adek;0
563;Itu wajah nagita kya masih umur 20an;0
564;Foto no edit edit ya saayy kamera nyaa bening,,, model fotonya pun juga bening gak perlu pakai filter tipu tipu;0
565;Look-nya Rafathar emang gak bisa dipungkiri, diborong gen mama gigi semua HAHA.;0
566;Nagita masa kaya anak muda coba cantikk bangeett;0
567;Masyaallah mamany cantik anakny ganteng, perfect;0
568;Kaya adek kakak.. kak gigi keliatan muda banget;0
569;Tambah gede aja rafathar ya tambah pinter ya Rafathar;0
570;Mama gigi kalau rambutnya agak pirang tambah cantik dan tampak lebih muda;0
571;OOTD mama gigi simple tapi elegan dilihat nya, masyaallah;0
572;Masyaallah mamah gigi bening bet dah, sehat selalu mamah gigi dn keluarga;0
573;mama gigi ketemu gajah. gajahnya seneng sampai ketawa gitu ahhaha.;0
574;Ya allah ga tau knp ak suka setiap lihat nagita pake dress modelnya cakep cakep;0
575;i see beauty in everything mba gigi sehat selalu sama dede bayi nya;0
576;Mama gigi cantik banget… look younger than her age.. love mama gigi;0
577;Semoga adeknya rafathar menjadi anak yang tangguh kuat cerdas;0
578;Pakaian apapun yg dipake mama gigi selalu keceee;0
579;Terima kasih kak Nagita @raffinagita1717 sudah support Molly si gajah dan satwa-satwa di Bali Zoo lainnya dengan kunjungannya bersama keluarga;0
580;Kaya ny gajahnya merasakan aura positif nya mb gigi itu… kelihatan sumringah jg gajahnya loo..;0
581;Manis banget mbak gigi.. Masya Allah.. hamil semakin bersinar..;0
582;Mama gigi gapernah ga cantik sih kalo menurut aku.;0
583;Semoga sehat selalu bayi dalam kandungan nya sama ibunya ya.;0
584;Cantik banget semoga sehat selalu kakak panutan;0
585;MasyaAllah selalu mempesona baik kaum adam maupun kaum hawa;0
586;Gak ada orang lain yang bangun tidur siang secantik ini selain ka yaya;0
587;makin tua makin muda yehh mukanya, mana cantik bngett mo nangiss ampun cantik terus ka yaya;0
588;Gapaham lagi cakeup nya natural Masyaallah;0
589;Raisa mah tipe cantik tapi sopan santun pakaiannya;0
590;ka yayaaa, why are you always stunning pretty girl.;0
591;Ya Allah ni orang apa peri, cantik amatt;0
592;Kenapa cantik banget aku heran dilihat dari samping kanan kiri depan dll tetep aja cantik;0
593;BISA BERHENTI CAKEP GA KAKK? PUSINGGGG IH;0
594;Cantik bajunya keren warnanya bikin pangling;0
595;Sudah dongggg dan sudah di liked juga.. congratulations;0
596;Udaaaahh nontonnnnn.. lagunya bajunya makeup dan hairdo nyaaa sukaakkkk;0
597;Raisa sekarang ngak monoton…. Jadi suka deh…. Sering2 kek gini….;0
598;udah dong. Lagi ngunyah aja cute banget;0
599;Penyihir secantik ini gue rela dikutuk jadi tokek laut;0
600;Ya ampun kak makan apa sih kok bisa cantik banget;0
601;Ya allah kek anak yg msh batita klo lg ngambek manyunnya begitu, gemes hahaha;0
602;Aku udah. Dan sumpah bagus banget. Serasa liat cerita disney gitu;0
603;lu lebih gak sopan, mukak lu kayak babi!;1
604;ya Allah kenapa begitu sempurna sih ciptaanmu yg satu in;0
605;Ragu aja cantiknya udh kek gini, gmn kl yakin yak, cantiknya kek apa, heran;0
606;Bukan keliatan ragu, tapi keliatan cantik;0
607;Warna yang paling bikin Raisa makin shinning itu merah, hitam, putih, pink and emerald;0
608;Raisa pake baju merah sumpahh cantik bgttt;0
609;Liriknya pendek tp susah di hafal pas awal awal, begitu di puter beberapa kali eh kok candu banget;0
610;Demi apa, Kak Yaya gk pernah ngeRAGUin para pendengar lagu2 nya;0
611;Ka yaya kalo ragu tetep secantik itu yah :);0
612;Ragu aja cantik kan kak, apalagi kalau serius;0
613;Ngga alay. Ngga muluk muluk. Natural. Sukaaaa;0
614;seru bgt gemoy, tim berkebun plus tim alam bgt niiii;0
615;nikmatnya bisa menghirup oksigen dengan bebas ya :);0
616;Slide kedua mukanya mau gaya apa aja tetep cantikk;0
617;mba isyana foto gelap2an gini aja aesthetic bgt ya;0
618;mba isyana udah cantik suaranya bagus kompeten pula, ah sukaaaa;0
619;Ga Taulah aku juga suka banget sama gayanya isyan;0
620;Kangen nonton konser isyan secara lgsg, meskipun msh bisa virtual, Cuma experience-nya lebih dapat aja gitu;0
621;Congrats ka @isyanasarasvati, terus berkarya, makin sukses… dan terus mnjd inpirasi kita semua…;0
622;Congrats kak, kamu memang pantes mendapatkannya;0
623;Saya berharap kak @isyanasarasvati panjang umur. Sehingga bisa jadi inspirasi untuk musisi seluruh Indonesia. Saya suka musik indonesia dengan adanya kak Isyana;0
624;Udah cantik, rada gesrek tapi ya ini banyak kelebihannya, semangat tetap produktif;0
625;Gatau lagi, serasa nonton wtf beneran di jkt meski virtual and thankyouu for the performance kak syan! Selalu keren dan pecah! Tak pernah sekalipun mengecewakan;0
626;Walaupun ga pernah lihat ka isyana live beneran di panggung. Tp aku terpesona bgt ama live virtual asli keren;0
627;yash we the fest even virtual tapi tetep keren bgt kak syann huaaa energi nya dpt bgt;0
628;Keren banget!!! walaupun sebentar tapi mantap abis! Ditunggu karya selanjutnya ya kak! Stay safe and healthy isyana ku;0
629;makaseh jugaa kakaaa inyeeuuuu semoga aku bisa pantang menyerah seperti kakak dan teman musisi lainnya yaaa;0
630;Thank you juga, Syan! Seneng banget kemarin haha! Semoga setelah pandemi ini, semua rencana dilancarkan ya, Syan!;0
631;hua seneng bgt kmrn walaupun Cuma 35 menitan tp seneng liat isyan, adaptasi kebiasaan baruku semoga bisa lebih teratur maemnya, ditunggu karya selanjutnya kaka;0
632;senang akhirnya indonesia bisa mempunyai musisi idealis berkualitas tinggi yg masih bisa terus berkarya & diapresiasi oleh banyak orang…;0
633;Berharap bisa menghadirkan musisi dgn genre yang lain dr yg sudah ada di industri… biar musik Indonesia lebih berwarna;0
634;congrats kak isyan semoga semua impian-impian baiknya segera bisa terwujud aamiin;0
635;Bener bener idola, dr musisi yang dipandang sebelah mata sampe buat label musik sendiri, congrats syan;0
636;CONGRATS KAK ISYAN semoga karya nya apa yg dilakukan kakak sukses teruss;0
637;ORANG INI TERLIHAT SANGAT SANGAT STRES DAN GILA;1
638;Gua kalai jadi tuhan gaakan gua jadiin dia ini manusia, lebih pante ga hidup ini orang di dunia, akhlaknya gaada tolol bangsat;1
639;Biasa nya aq nangis kalo lagu nya seiihh, kalo sekarang nangis karna saking bagus nya lagu nya;0
640;definisi minat ketemu bakat ketemu kerja keras;0
641;"""@vnagstn astaga si isyana keren banget ini; bisa ada musisi lokal yang selera musiknya kayak gini""";0
642;MashaAllah… udh cantik, pinter, jago nyanyi dn mainin alat musik pula neng @isyanasarasvati ngefans bener ini mah;0
643;Gilaaaa.. gila.. gilaaaa Tangan, kaki, ekspresi, n emosi tertuang adi suatu karya yg fantastis;0
644;Gosh, tiap kali lihat isyana mainin alat musik kaya lihat jiwanya beda. Merinding gila. Kaya kepribadiannya jadi serius bangett;0
645;Sumpah demi allah bagus bangett kereennn merinding ak nya.. dengerin sampe abis tiba2 aja ampe netesin air mata;0
646;aku memutuskan untuk menjadi fans isyana. gila keren banget ya, otak mereka berdua bisa berfungsi dg menjalankan perintah ke tangan dan kaki, di waktu bersamaan;0
647;AMZING ISYANAA!! Jujur aku amazed banget dengan skill dan minat Isyana dalam bermusik. Ga Cuma bernyanyi tapi main alat musik pun jago banget;0
648;paling ngiri liat orang keren maen alat musik dan dalem banget nikmatin permainan sendiri;0
649;Sampe ga bisa berkata2 lagi buat isyana, sangat2 sempurna org ini;0
650;Inimah bukan main alat musik lagi. Olahraga jari dan kaki ini mah;0
